frame,x,y
0,0.26209273338317873,0.4963668258101852
1,0.26761385599772136,0.49488033718532987
2,0.27309834162394203,0.4928279170283565
3,0.278195858001709,0.49180196126302084
4,0.28571561177571614,0.49120901602285877
5,0.29070568084716797,0.4897556446216725
6,0.2961602210998535,0.4885499177155671
7,0.3017393747965495,0.48904023347077547
8,0.3086161931355794,0.48777759693287037
9,0.31375900904337567,0.48631603099681714
10,0.32141971588134766,0.48613123010706016
11,0.3264520009358724,0.48516111020688657
12,0.3322074254353841,0.48507249620225695
13,0.33826791985171023,0.4834867837812299
14,0.3430503987898686,0.4842802079333079
15,0.34420164031112754,0.48371069938618766
16,0.35739256540934244,0.48522909658926505
17,0.36428203582763674,0.4852249710648148
18,0.36827430725097654,0.48469413474754053
19,0.37492030104122465,0.48610551514695277
20,0.3806924819946289,0.4853703251591435
21,0.3868177230876645,0.4865166003940047
22,0.3929857889811198,0.4868333604600694
23,0.3987316131591797,0.4876607259114583
24,0.4045890172322591,0.48727671305338544
25,0.4098218760137561,0.48923227269573394
26,0.41638380686442056,0.4886487042462384
27,0.4203070958455404,0.49045500578703705
28,0.4273298899332682,0.4914461489076968
29,0.4318638483683268,0.4919498019748264
30,0.43911940256754556,0.49297349717881944
31,0.44250109990437825,0.4939578021014178
32,0.4474398930867513,0.4955535888671875
33,0.4531494776407878,0.4950828269675926
34,0.45757764180501304,0.49824241355613424
35,0.46213397979736326,0.49958100495515045
36,0.46757571977427337,0.5002630119775996
37,0.4713398615519206,0.5026071619104456
38,0.4747485152651523,0.5044969410450132
39,0.4756552563137887,0.5563092296470835
40,0.4772740179193173,0.5493807112971311
41,0.48613201777140297,0.5097559045862269
42,0.49372062683105467,0.5127006248191551
43,0.496043825225178,0.5128749252682169
44,0.4983175277709961,0.5175625836407697
45,0.5018304824829102,0.5200037638346354
46,0.5038460731506348,0.5210910373263888
47,0.5065333366394043,0.524632489239728
48,0.5113089879353842,0.5257023564091435
49,0.5125749905904134,0.5281373200593171
50,0.514564985447923,0.5316434434814489
51,0.4805854140043474,0.5645910183816787
52,0.4759647546570168,0.5690091159335322
53,0.47532220160918526,0.5702800260264248
54,0.4013705161443291,0.5760586296508785
55,0.3974193068712712,0.5781539474849007
56,0.39555431096141164,0.5810280771467061
57,0.3952456073546518,0.5851731581475506
58,0.39382938534371814,0.5875567343244491
59,0.3886563795938284,0.5890245177683666
60,0.39402631308504465,0.5898322420821297
61,0.39540025096384446,0.591078560720747
62,0.3953120835428292,0.5927231602647927
63,0.4536045938643816,0.5777945212511493
64,0.44690220878770787,0.5800627762239398
65,0.5116974878285184,0.5787688885963486
66,0.5271298090616862,0.5804104275173612
67,0.5255926767985026,0.5844649138274016
68,0.5246890385945638,0.5872768825954862
69,0.5234776814778646,0.5899604514793113
70,0.522771167755127,0.5922177350079572
71,0.5205246607462565,0.597378087926794
72,0.5191078186035156,0.600770342791522
73,0.5180937449137369,0.6031363028067129
74,0.5152519953551282,0.6063217053625157
75,0.5126099268595378,0.6109181722005208
76,0.5110953648885092,0.6143125745985243
77,0.5088022549947103,0.6177272655345776
78,0.505276616414388,0.6211611147280093
79,0.5037317349482453,0.6253578983618652
80,0.5000807654631454,0.6291893003169198
81,0.4972802480061849,0.6316350866247107
82,0.49564094083637134,0.6351035182331509
83,0.4913561185201009,0.6411235668041088
84,0.48936100006103517,0.6426265010127314
85,0.4847895940144857,0.6475711963794849
86,0.4852771339025804,0.647421146888248
87,0.4841331624495831,0.648798239101915
88,0.48321798528718524,0.6498999128728487
89,0.470567975565355,0.6594920810437475
90,0.4645525430029101,0.662362273429967
91,0.46167318990702566,0.6673177936632219
92,0.4564704259236654,0.6715108235677083
93,0.45240577061971027,0.6741913406937211
94,0.45235971714158746,0.6745423277285628
95,0.44408702850341797,0.6823407773618345
96,0.43788615161298217,0.68442342075833
97,0.43543471142396584,0.6875605279618986
98,0.42959661170240043,0.6911951564583791
99,0.42942771603924645,0.6915708898235164
100,0.42775091621663414,0.6927955135736724
101,0.41466205603988104,0.7002803139010078
102,0.40745744705200193,0.7048019974320023
103,0.40287984212239586,0.7084227385344328
104,0.40284075344598724,0.7083307670178023
105,0.40088903437663803,0.7095915929793968
106,0.3993936744139913,0.7105847486833946
107,0.3981973864438739,0.7113792732465929
108,0.39724035606778,0.7120148928971515
109,0.3964747317669049,0.7125233886175983
110,0.3958622323262048,0.7129301851939559
111,0.39537223277364475,0.7132556224550419
112,0.3949802331315967,0.7135159722639107
113,0.39466663341795827,0.7137242521110058
114,0.34330330573365353,0.7360317273489988
115,0.33487943013509114,0.7407595599139178
116,0.3291396458943685,0.7411222669813368
117,0.3221771288474088,0.7451700940349004
118,0.3176472981770833,0.7476432517722801
119,0.31235472361246747,0.7483877111364294
120,0.30615774790445965,0.7518449006257234
121,0.30032005310058596,0.7520694308810764
122,0.2943970362345378,0.7553337379738136
123,0.29077990849812824,0.7560619212962963
124,0.2833643595377604,0.7584281638816551
125,0.2787501653035482,0.7588277746129919
126,0.271446164449056,0.7609738950376157
127,0.26720987955729164,0.7621429443359375
128,0.26068283716837565,0.7638374611183449
129,0.2563808759053548,0.7623185334382234
130,0.25089321136474607,0.7659202293113426
131,0.24649469057718912,0.76547201651114
132,0.24091339111328125,0.7668094211154514
133,0.23537119229634604,0.7668163158275463
134,0.23152774175008137,0.7673952455873843
135,0.22608753840128581,0.7679380628797743
136,0.22270396550496419,0.7658370971679688
137,0.21829309463500976,0.7688378228081597
138,0.21356013615926106,0.7680107399269387
139,0.21144529978434246,0.7666753133138021
140,0.20432523091634114,0.7671639901620371
141,0.20242640177408855,0.7665323893229167
142,0.20036212603251138,0.7656016031901042
143,0.1974299112955729,0.7649482444480613
144,0.19194860458374025,0.7635102448640047
145,0.18997290929158528,0.7626670554832176
146,0.18730874061584474,0.7606343587239583
147,0.18559878667195637,0.7585715964988425
148,0.1836062749226888,0.7565259015118634
149,0.18276920318603515,0.7553696808991609
150,0.1819127877553304,0.7529289528175637
151,0.17971253395080566,0.7493724681712963
152,0.1784395376841227,0.7485747160734953
153,0.17798558870951334,0.7440887451171875
154,0.17861935297648113,0.7423625239619502
155,0.17856232325236002,0.7384505660445602
156,0.178166135152181,0.735423109266493
157,0.1779242992401123,0.7323037606698496
158,0.1794682502746582,0.72782632333261
159,0.18201669057210287,0.7241367481372974
160,0.18270225524902345,0.7211585150824653
161,0.18484925839593655,0.7177333735858781
162,0.18865288098653157,0.7115311234085648
163,0.18766063232786287,0.7123148866116749
164,0.1883744487510459,0.7108277402182198
165,0.19627307256062826,0.6985941569010417
166,0.20116173426310222,0.6935991075303819
167,0.2052958923729036,0.6878676610311429
168,0.2104516665140788,0.681514259620949
169,0.21473175684611004,0.6771068996853299
170,0.22021238009134927,0.6727113511827257
171,0.22619023323059081,0.6653891104239005
172,0.23137836456298827,0.6597893608940972
173,0.23584348937893973,0.6572134816293411
174,0.24314139684041342,0.649028749819155
175,0.2515117179297324,0.6443363956427327
176,0.25880088806152346,0.6371284767433449
177,0.2658843199412028,0.6314058091905382
178,0.2735963185628255,0.626593921802662
179,0.28203632429176484,0.6203934646495772
180,0.41761281526466415,0.586059740257492
181,0.40982323860676806,0.5865324529025122
182,0.3071820894877116,0.6030743634259259
183,0.3158583958943685,0.5969616925274884
184,0.32464930216471355,0.5914487485532407
185,0.3339634577433268,0.5863823784722222
186,0.34292329152425133,0.580138255931713
187,0.3517094294230143,0.5751684118200231
188,0.3613160769144694,0.5693939208984375
189,0.3713771184285482,0.5638860066731771
190,0.3777319828663656,0.5600183344464107
191,0.3889239447662846,0.5537867193916439
192,0.39879156748453776,0.548965001989294
193,0.4084634780883789,0.543955824110243
194,0.41765626271565753,0.5389428032769097
195,0.4269608815511068,0.5337762338143808
196,0.4352529525756836,0.5302409984447338
197,0.4456394831339518,0.5254621152524594
198,0.45364933013916015,0.5213592529296875
199,0.4628692944844564,0.5185038248697916
200,0.47047478357950845,0.5153670699508102
201,0.4786578496297201,0.5121759485315394
202,0.4857677141825358,0.5085184733072917
203,0.49451255798339844,0.5057991310402199
204,0.5024060567220052,0.5031591344762731
205,0.5087230046590169,0.5013486508969908
206,0.5159556706746419,0.4991453382703993
207,0.5239800771077474,0.4980692545572917
208,0.5287473360697429,0.4967046101888021
209,0.5355782190958659,0.4942483407479745
210,0.5415695190429688,0.4940977308485243
211,0.5474280039469401,0.49149678548177084
212,0.5517161051432292,0.49132351345486114
213,0.5582632064819336,0.49128237123842594
214,0.5613234202067058,0.49077159740306714
215,0.5659179051717123,0.49055673104745373
216,0.5703086853027344,0.49159557201244214
217,0.5735780080159505,0.4918363783094618
218,0.5765439987182617,0.49181473343460647
219,0.5796146392822266,0.49276213469328706
220,0.5830675760904948,0.49461545591001155
221,0.585205078125,0.4947745994285301
222,0.5867107391357422,0.4963160196940104
223,0.5878697713216146,0.49863236038773145
224,0.5889287948608398,0.5014353434244792
225,0.5907671610514323,0.5035948011610243
226,0.5920698801676433,0.5053476969401042
227,0.5921362559000651,0.5062503390842014
228,0.5923164367675782,0.5080210367838541
229,0.5929304758707682,0.5106427228009259
230,0.5788612365722656,0.6214711507161458
231,0.5789000829060872,0.6214400679976851
232,0.5789178212483724,0.6213905051902489
233,0.578113452004106,0.6301211819543457
234,0.5771511100757329,0.6385477305507262
235,0.5869859059651693,0.5318195484302662
236,0.5846426645914714,0.5358175207067419
237,0.5845774332682292,0.5382785938404224
238,0.5788188934326172,0.621361400462963
239,0.5788818359375,0.6213873969184027
240,0.5788475672403971,0.6218231766312211
241,0.5788202285766602,0.6218695746527778
242,0.578711191813151,0.6219669483326099
243,0.5786081946995235,0.6223430558762876
244,0.5786784286670045,0.62225287195271
245,0.5784184902389677,0.6254159485565801
246,0.5783368443602747,0.626415027822733
247,0.578769302368164,0.6220945005063657
248,0.5787744522094727,0.6220010828088831
249,0.5787328872014726,0.6225551726066305
250,0.5338442484537761,0.5979888916015625
251,0.5294814427693685,0.6016455191153067
252,0.524430497487386,0.6061694675021702
253,0.578778076171875,0.6222623471860532
254,0.5136307080586752,0.6165426748770254
255,0.578600819905599,0.6221457022207755
256,0.5785915374755859,0.6221411810980902
257,0.4973842302958171,0.6312462135597512
258,0.49119822184244794,0.6403656005859375
259,0.5003383222304566,0.6378966833155892
260,0.47975572317272075,0.649212016041159
261,0.47843546013753946,0.6489097053970891
262,0.46662972768147787,0.6609566017433449
263,0.46058546570525555,0.6673384791181611
264,0.455230712890625,0.6720030608000579
265,0.4530842446275797,0.6725747176240634
266,0.4503525675340158,0.6746630792705776
267,0.44816722585916474,0.6763337685877889
268,0.4464189525192839,0.677670320041558
269,0.44502033384737916,0.6787395612045732
270,0.4439014389098554,0.6795949541349855
271,0.4430063229598364,0.6802792684793153
272,0.44229023019982117,0.6808267199547792
273,0.441717355991809,0.6812646811351503
274,0.38721242478905665,0.7246083350946287
275,0.37864259084065754,0.7312590422453704
276,0.371634833017985,0.7369214093243635
277,0.36525274912516276,0.7425135294596354
278,0.3573487599690755,0.7444081059208623
279,0.3501768112182617,0.7518138744212963
280,0.3430853525797526,0.7551131637008102
281,0.3368334452311198,0.7605148880570023
282,0.33048540438408225,0.7617091286993126
283,0.32299357634650083,0.7679797921631282
284,0.3166696380447749,0.7756902943168423
285,0.3128584117990254,0.7767677017759556
286,0.30375712712605796,0.7809288872612847
287,0.29988387375166914,0.7839621173708688
288,0.2979290597515783,0.7852796398561274
289,0.28657317431776447,0.7906400699723093
290,0.28593903853943003,0.7912972179832691
291,0.27609701065872866,0.7950697239186544
292,0.2753172263188785,0.7957587223363618
293,0.2732054200896626,0.796798445331002
294,0.27151597510628983,0.7976302237267141
295,0.2557281176249186,0.8050531457971644
296,0.2541618347167969,0.8051745379412616
297,0.24885967297926379,0.8072739113746967
298,0.24388666152954103,0.8075283474392361
299,0.2423995018005371,0.8079201027199074
300,0.2409991660110114,0.808455992442664
301,0.23499910112436792,0.8081002466595136
302,0.23321841557820638,0.8074074074074075
303,0.2318761984507243,0.8059210883246528
304,0.23008998235066733,0.804282068323206
305,0.2293081283569336,0.8024842438874421
306,0.22847137451171876,0.7996244077329282
307,0.22870111465454102,0.7971815886320891
308,0.22973817189534504,0.7932509810836227
309,0.2317040761311849,0.7879222728587963
310,0.23353246053059895,0.7855412235966435
311,0.23505112330118816,0.7816491586190683
312,0.23676958084106445,0.7760539867259838
313,0.24027121861775716,0.7712068910951968
314,0.2433437983194987,0.76583901864511
315,0.2472842216491699,0.7604781539351851
316,0.2523161252339681,0.754214534053096
317,0.2564270337422689,0.7486123544198495
318,0.26278009414672854,0.740898753978588
319,0.2685846964518229,0.7319835521556713
320,0.2749020576477051,0.7251245569299769
321,0.2824000676472982,0.7163540875470197
322,0.28159299987777936,0.7168669159621907
323,0.3041198117575681,0.7047110268857408
324,0.3052345911661784,0.6880848072193287
325,0.3135032653808594,0.6793854890046296
326,0.32164427439371746,0.6705091688368056
327,0.33083791324953654,0.6623643035453279
328,0.3388202018162857,0.6530534400193769
329,0.35031153361002604,0.6430782176830151
330,0.3605598131815592,0.6322080824110243
331,0.3701089223225911,0.6211909541377315
332,0.38007965087890627,0.6126772280092593
333,0.38975454966227213,0.6032259340639468
334,0.40087566450071327,0.5937159370576909
335,0.4103749736432878,0.584132672237788
336,0.41119438628453175,0.5833126168685696
337,0.4304211486081321,0.5669507566468578
338,0.442120615641276,0.5565360740379051
339,0.4530495007832845,0.5470193933557581
340,0.4629571278889974,0.5385895905671296
341,0.4721095403035482,0.5299215811270255
342,0.4823787689208984,0.5220680519386575
343,0.4930438923383735,0.5140400099078873
344,0.5021598815917969,0.50706866229022
345,0.5109954833984375,0.49957557960792826
346,0.520065180460612,0.4929589730721933
347,0.5275968551635742,0.48650467484085647
348,0.5372962951660156,0.47959023934823497
349,0.5455203374226888,0.4744744760018808
350,0.5519891103108724,0.47115495469835067
351,0.5599899291992188,0.46486341688368055
352,0.5674671173095703,0.46048092312282984
353,0.5743635813395183,0.4564928973162616
354,0.5804858525594075,0.45336026792173034
355,0.5866693496704102,0.44982260244864003
356,0.5917137145996094,0.44676231101707176
357,0.5961845397949219,0.4448933919270833
358,0.6019822438557942,0.4428931342230903
359,0.6063668568929036,0.44158449526186344
360,0.6094950358072917,0.44048727530020254
361,0.6137229919433593,0.4391555220992477
362,0.6157615025838216,0.43974631980613427
363,0.6188323974609375,0.44025500262225115
364,0.6210492451985677,0.4422348587601273
365,0.6223413467407226,0.4425803855613426
366,0.6238480885823567,0.44397506713867185
367,0.6251408259073893,0.4459395232024016
368,0.6259512583414714,0.4471605088975694
369,0.6263938268025716,0.4490379616066262
370,0.6265053431193034,0.4512008101851852
371,0.6264520009358724,0.4539584124529803
372,0.6262863159179688,0.4560100414134838
373,0.6253546396891276,0.46002157705801505
374,0.6225995381673177,0.4660966661241319
375,0.6216283798217773,0.4703379878291377
376,0.6209718068440755,0.4733447887279369
377,0.6165351028335337,0.47867795170665295
378,0.6147502899169922,0.4825994420934607
379,0.5787532806396485,0.6210268373842592
380,0.5906442080868004,0.5744939511850443
381,0.5872634208465753,0.586339228581023
382,0.6023342132568359,0.5052820276331018
383,0.5978539951051671,0.5142096918154951
384,0.5948338190714518,0.5176401774088542
385,0.5894662221272786,0.5260467529296875
386,0.580404387875823,0.6095075400787486
387,0.5787679563099581,0.6209713380136276
388,0.5749657948811849,0.5469761036060474
389,0.5706882254615233,0.5590411576852654
390,0.5760019461248231,0.6041058505851447
391,0.578302945644833,0.6186626575731451
392,0.551677958170573,0.5721234356915509
393,0.5746235650899528,0.6155396776743957
394,0.5783180844601588,0.621227859471083
395,0.5367608128282358,0.5982514591018329
396,0.5291801770528157,0.6032350893373842
397,0.5230714207906052,0.6112671438765787
398,0.516146926322838,0.6184353390660614
399,0.566203184580249,0.6203272496050083
400,0.5020046234130859,0.6361381813331887
401,0.5216816235214876,0.6320067528792273
402,0.5194584490993842,0.6342072093817414
403,0.47079293454473936,0.617215883396573
404,0.5214858418773367,0.7648544260301297
405,0.5231402566113901,0.773088759219277
406,0.48150120048883577,0.6493591554172162
407,0.5192135591171223,0.7616101987088639
408,0.5236495553060814,0.7742587534696355
409,0.5239636771919156,0.7788403996725848
410,0.43577349514081803,0.7176579614390102
411,0.42339921015247933,0.7217066010019276
412,0.41450850168863934,0.731939188639323
413,0.4063010533650716,0.7389786331741898
414,0.3991462071736654,0.7472430759006077
415,0.39209572474161786,0.7524356418185764
416,0.3843470497874092,0.7586560366693437
417,0.37879276275634766,0.7653728343822338
418,0.37128896713256837,0.77283364755136
419,0.364001210530599,0.7801216408058449
420,0.3570121129353841,0.7851545545789931
421,0.3533377653632906,0.7891890638249041
422,0.346556825984691,0.7963751927545962
423,0.3392998697184722,0.8010694246433685
424,0.3348493267480005,0.8089573489111077
425,0.3293811570725196,0.8110123609363682
426,0.32206376393636066,0.8130421956380208
427,0.31897236506144205,0.8156567608868635
428,0.3123934745788574,0.8207402547200521
429,0.30933850606282554,0.8222841616030092
430,0.30562400817871094,0.8251805623372396
431,0.30207061767578125,0.827729175708912
432,0.30094070434570314,0.8285747386791088
433,0.2991004943847656,0.8291919284396702
434,0.2952631454447707,0.8303690510615283
435,0.29368152618408205,0.8296411019784433
436,0.2927921930948893,0.828529131854022
437,0.292426331837972,0.8270204897280092
438,0.29268484115600585,0.824156415020978
439,0.29426867167154946,0.8202679669415509
440,0.2958522796630859,0.8166015059859665
441,0.29747810363769533,0.81259115713614
442,0.29984957377115884,0.8074145281756365
443,0.30284112294514975,0.8033051667390047
444,0.30740152994791664,0.7963143807870371
445,0.3114933013916016,0.7895319055627894
446,0.3162764231363932,0.7821910716869213
447,0.3225222587585449,0.7715603298611111
448,0.3504385852199111,0.6750742437502448
449,0.3463966224200465,0.6916417681716411
450,0.3410628000895182,0.7477414166485822
451,0.34837204615275064,0.7365856029369213
452,0.35729036331176756,0.7274724889684606
453,0.3656049092610677,0.7146047521520544
454,0.375685977935791,0.7026362666377315
455,0.3835831199596403,0.6919701534852257
456,0.39371115366617837,0.679405834056713
457,0.40470765431722006,0.6658719098126447
458,0.4147923469543457,0.6525284378616898
459,0.4250890413920085,0.6386747007016782
460,0.43594048817952474,0.6263764558015046
461,0.44570393845761713,0.6157787771680147
462,0.4565587191864506,0.6032866909781078
463,0.4671254643008309,0.5901884088573741
464,0.4795698819284353,0.5764298973697451
465,0.4904775619506836,0.5634459318938079
466,0.5008218447367351,0.5505119041160301
467,0.5124510447184245,0.5386591028284143
468,0.523554801940918,0.5265941478587963
469,0.533944574991862,0.5150141963252315
470,0.5434796015421549,0.5046035201461226
471,0.5535282135009766,0.49461929886429395
472,0.5635960261027019,0.48307466860170717
473,0.5725845336914063,0.47445610894097223
474,0.5810282389322917,0.46586829291449655
475,0.5893409729003907,0.4574794628002025
476,0.5982601165771484,0.4501763802987558
477,0.6057193756103516,0.4427819711190683
478,0.613204828898112,0.43606816044560187
479,0.6185088475545247,0.4317355685763889
480,0.6245854695638021,0.42547788266782405
481,0.6306097666422527,0.4201759903519242
482,0.6370284398396809,0.4166506731951678
483,0.6404471715291341,0.4136566727249711
484,0.6450610478719075,0.4104942321777344
485,0.6485153834025065,0.40795214617693865
486,0.6513523101806641,0.4074907656069155
487,0.6524837566678608,0.40598021121415007
488,0.6540121822460444,0.4049676036768028
489,0.5532965844563154,0.5403779652441425
490,0.5439562708465084,0.5540087066597399
491,0.5383705368030525,0.5619067721708975
492,0.5308195945246669,0.572459706440879
493,0.5247788407019583,0.5809020538568641
494,0.6586678822835287,0.4163849442093461
495,0.6575482686360677,0.4196957058376736
496,0.6571814219156901,0.4224582248263889
497,0.6562838236490885,0.42774166531032987
498,0.6519417444864909,0.43478478325737846
499,0.6522341277625541,0.43262959216922453
500,0.6477005056331782,0.44360869557984195
501,0.6448504130045573,0.4490466082537616
502,0.6409128824869792,0.4572652180989583
503,0.6386390686035156,0.461976651792173
504,0.6334336598714193,0.4701579906322338
505,0.6279275258382161,0.4779330783420139
506,0.6289595273991269,0.477295304532843
507,0.6200225830078125,0.4926534016927083
508,0.6135494232177734,0.50172040020978
509,0.6075764973252729,0.5106524493141638
510,0.6079122979701098,0.5105645782004645
511,0.6059911618383395,0.5135920810550478
512,0.5825957992090294,0.6055791799207269
513,0.5810276174853267,0.6089044202459557
514,0.5785109202067057,0.5558505588107638
515,0.5719064712524414,0.56386068838614
516,0.5647115226849697,0.5752444299731363
517,0.55909957198028,0.5835065249127764
518,0.5512897526973176,0.5941957867721774
519,0.5447743771366197,0.6013082037048623
520,0.5154336892378328,0.6079194214813934
521,0.5127203796863038,0.6084692286085548
522,0.5132544246615766,0.6079114071738292
523,0.5085371042591601,0.6108839578618233
524,0.5054593509076573,0.6122242876682242
525,0.5029971482264549,0.6132965515133451
526,0.5010273860814931,0.6141543625894417
527,0.4994515763655236,0.614840611450319
528,0.49819092859274805,0.6153896105390209
529,0.4971824103745276,0.6158288098099823
530,0.4607105942877824,0.7163523304926072
531,0.4602176277501814,0.7162051336130123
532,0.4438186009724935,0.7350354229962385
533,0.43660008112589516,0.7451183742947048
534,0.42819391886393227,0.7541829427083333
535,0.42182044982910155,0.7617724948459201
536,0.4153880301585773,0.7712807443595625
537,0.4082417805989583,0.7799808078342014
538,0.40204493204752606,0.7870368109809027
539,0.39569563043805756,0.7997152817452796
540,0.3887748718261719,0.8016486839011864
541,0.3833514397414148,0.8104290359590417
542,0.3786643346150716,0.813685890480324
543,0.3721130053202311,0.8190286706995081
544,0.3680834132900489,0.8243573407150051
545,0.3638407389322917,0.8273055465133102
546,0.36127662658691406,0.8318680939850984
547,0.3555766541028346,0.8369758009897434
548,0.35421479543050133,0.8391139277705439
549,0.3515933990478516,0.8413263391565393
550,0.35002209345499674,0.8418381867585358
551,0.3479201495763319,0.8410330850342952
552,0.3468743642171224,0.840087890625
553,0.3469882329305013,0.8390496148003472
554,0.3475703557332357,0.8374037566008391
555,0.3489945411682129,0.834303453233507
556,0.35097983678181965,0.829505694354022
557,0.35260918935139973,0.8255781950774016
558,0.35812466939290366,0.8187771267361111
559,0.3563169508571822,0.8204250469539368
560,0.36582221984863283,0.8061374240451389
561,0.37109724680582684,0.7971590395326967
562,0.37613213857014977,0.7894480387369792
563,0.38033784230550133,0.7814752084237558
564,0.3879693349202474,0.7702034279152199
565,0.3956543604532878,0.7597349943938079
566,0.4031703313191732,0.7492739642107928
567,0.4121822992960612,0.735932300708912
568,0.42230230967203775,0.7214938128436054
569,0.4310241752662042,0.7093262727604406
570,0.43987795958570647,0.6951060373174044
571,0.45222333272298176,0.6786319308810764
572,0.46250518163045246,0.6634710241247106
573,0.47311127980550133,0.6498565673828125
574,0.4832279172266878,0.635840579261154
575,0.4925006993774812,0.6230406527513239
576,0.5056455882659447,0.6053444506401415
577,0.5266570399363846,0.5995342445454532
578,0.5294980739146431,0.5748122780634343
579,0.5418629964192708,0.5578007450810185
580,0.5520164489746093,0.5431342230902778
581,0.5638737360636393,0.5278754905418114
582,0.5738202412923177,0.5145915843822338
583,0.5844651540120442,0.5012793646918403
584,0.594323476155599,0.4885758011429398
585,0.6032039642333984,0.4758861400462963
586,0.612318128823651,0.4658878172725339
587,0.6233189900716146,0.4531278822157118
588,0.6310699462890625,0.4424709743923611
589,0.6388445536295573,0.4333480269820602
590,0.6465720494588216,0.4242336414478443
591,0.6532676696777344,0.41519097222222223
592,0.6544415107740699,0.413958507461368
593,0.5410211212005598,0.5375293675905057
594,0.5159136846973392,0.564437532355454
595,0.5098040572860797,0.570471160290982
596,0.5068247114290947,0.5734591162360481
597,0.5066340392971037,0.5739502039711095
598,0.5062789190252555,0.5743647300257274
599,0.5061807862088954,0.5744494374521827
600,0.5564717007354429,0.5521769653888956
601,0.5475097758554665,0.5572955095025244
602,0.5517544433025752,0.5559340080670153
603,0.5744873516666539,0.5460192007379566
604,0.575848388671875,0.5455635353370949
605,0.575522714944118,0.5461038552227931
606,0.5758571624755859,0.5467437744140625
607,0.5761000315348307,0.5474413836443865
608,0.575873057047526,0.5486748024269387
609,0.6770629386640817,0.4088576608004696
610,0.6464958091789446,0.45227259403735465
611,0.6549112352143349,0.44109730477372566
612,0.6616435760426472,0.43215707336282244
613,0.667029448705297,0.4250048882340999
614,0.6648860295613607,0.4345342000325521
615,0.6686890674225038,0.4291151262716024
616,0.6575239669720678,0.4483642168089075
617,0.6522073008557073,0.45803741048537516
618,0.6442030588785808,0.46831913700810185
619,0.6386056900024414,0.47795670120804395
620,0.632086181640625,0.4885295726634838
621,0.6273124059041341,0.49768473307291666
622,0.6220220151113434,0.5070085998181214
623,0.6213374368359853,0.5079460801615133
624,0.6192352568167151,0.5115332818238626
625,0.6040963494034529,0.5347799152464926
626,0.6024599292236933,0.5375163950789476
627,0.6001552515164099,0.5412130305899742
628,0.5789724349975586,0.5728189539026332
629,0.5798693232936665,0.5716711301406517
630,0.5222164401154241,0.6080539108655815
631,0.5212991442025131,0.610578406810582
632,0.5144997633049719,0.6161647021876028
633,0.509060258586939,0.6206337384892194
634,0.5505529659072359,0.6022659346547596
635,0.5544896661166456,0.6007311261067787
636,0.5535889274911671,0.6022927360024346
637,0.5547019054904899,0.6024587177689754
638,0.5043513849576342,0.6877576018551215
639,0.5106832953173992,0.6785236398520424
640,0.4903033968993363,0.7099450568052575
641,0.48978615227161926,0.7120993361792048
642,0.4732521958968496,0.7355657146314102
643,0.47196901815889875,0.7385473204803219
644,0.4685404263847607,0.7441084255481976
645,0.4657975529654502,0.7485573096024981
646,0.4451118434285762,0.7782672260684862
647,0.43807989756266275,0.7864491780598958
648,0.43355561700979084,0.7972625433619427
649,0.43176705517382463,0.7991639581132669
650,0.42009972492113473,0.8139195948628736
651,0.4168886534589762,0.8200894777684224
652,0.4117000897725423,0.8279258445457176
653,0.40664361317952474,0.8353894269024884
654,0.4028661092122396,0.8411338523582176
655,0.3989713986714681,0.8447207980685764
656,0.39672050476074217,0.8491771556712963
657,0.39503021240234376,0.8544615568938079
658,0.3935584386189779,0.8569856996889468
659,0.3923068046569824,0.8591685542353877
660,0.3921532948811849,0.8596668384693287
661,0.3930363972981771,0.8584842258029514
662,0.3946491241455078,0.8571597629123264
663,0.3967369715372721,0.8532284206814236
664,0.39867709477742513,0.8490197640878183
665,0.40297053654988607,0.8447403519241898
666,0.40730559031168617,0.8389697039568865
667,0.4127556800842285,0.8321926540798611
668,0.4196988423665365,0.8223861129195602
669,0.42572612762451173,0.8137679488570602
670,0.43263353114981573,0.8038262963588725
671,0.5645988125893826,0.6072966124753076
672,0.5282096751791796,0.6617668129858819
673,0.45968459447224935,0.7632757681387442
674,0.46928602854410806,0.7476141470449942
675,0.4798001607259115,0.7331301653826678
676,0.49161059061686196,0.7145360876012732
677,0.502459462483724,0.6975110089337384
678,0.5149080912272136,0.6813383314344618
679,0.5273736990900189,0.6623341913019938
680,0.5312899834731439,0.5977373716363252
681,0.5325658587746613,0.5837762685389887
682,0.5532451275128695,0.5447066769886402
683,0.5747431803342021,0.5849414774277478
684,0.5897738730681928,0.5673289309139041
685,0.6017869313557943,0.5473372847945602
686,0.614912478129069,0.529634376808449
687,0.6260675278304824,0.5116910469548681
688,0.638426399230957,0.4933727123119213
689,0.6495883305867513,0.4738983719437211
690,0.6608956654866537,0.4560824076334635
691,0.6735998789469401,0.4394480387369792
692,0.6839205423990885,0.4209199693467882
693,0.6848877740611733,0.4206974584894783
694,0.5625759184161457,0.5198380625387192
695,0.55036302730307,0.5289080443354608
696,0.5478540539537008,0.5288161407925818
697,0.7408517201741537,0.3373200593171296
698,0.7520704905192057,0.32105085584852433
699,0.7600889260693464,0.3066898528303242
700,0.7733239658903533,0.28892337893237685
701,0.7841104872287973,0.2774502033048158
702,0.5846147020859855,0.6756040972719004
703,0.5911030124676521,0.6690730845488116
704,0.5755815412959573,0.7043851225305024
705,0.5631643643586015,0.7326347529158551
706,0.5532306228087168,0.7552344572241373
707,0.5452836295688092,0.773314220670763
708,0.538926034976883,0.7877780314280636
709,0.533839959303342,0.799349080033904
710,0.5297710987645093,0.8086059189185764
711,0.8895315806070964,0.11711398937084057
712,0.8817445231295459,0.13301693536464101
713,0.9105851491292317,0.08648931008798105
714,0.9188202845013581,0.0732448138573277
715,0.9304059346516927,0.05744493978994864
716,0.9397413889567058,0.044418635191740816
717,0.9493035634358724,0.0312292805424443
718,0.9591616312662761,0.017702692526358144
719,0.9668813014197899,0.009840248437062306
720,0.9700796824712634,0.004327239948076195
721,0.9738558665071941,0.0
722,0.5512468282491325,0.43199451912597664
723,0.5945401978154345,0.386788716272021
724,0.5335981654017637,0.45264537023969054
725,0.5240267377195664,0.4617029628830038
726,0.49939690519727575,0.4869182410766064
727,0.5212568524533409,0.47076657021326607
728,0.521693738301595,0.46760875560619214
729,0.507299199855835,0.4834308533176183
730,0.5026691696071807,0.48847566095130124
731,0.49896514540825715,0.49251150705824753
732,0.5122300054994177,0.48155986710579013
733,0.510374917431157,0.4836923686869153
734,0.5097703801365775,0.4846298218979962
735,0.5092867503009139,0.4853797844668609
736,0.508899846432383,0.4859797545219527
737,0.5085903233375582,0.4864597305660261
738,0.5083427048616984,0.48684371140128485
739,0.5081446100810105,0.48715089606949186
740,0.5079861342564602,0.48739664380405745
741,0.50785935359682,0.48759324199170995
742,0.5077579290691078,0.48775052054183193
743,0.5076767894469381,0.48787634338192953
744,0.5076118777492022,0.4879770016540076
745,0.5026438753064136,0.5208433611566208
746,0.5025529643733737,0.5212370193889928
747,0.502376262987204,0.5222453509614292
748,0.5022349018782681,0.5230520162193784
749,0.5021218129911195,0.5236973484257377
750,0.5020313418814005,0.5242136141908251
751,0.5019589649936254,0.5246266268028951
752,0.5019010634834052,0.524957036892551
753,0.5018547422752292,0.5252213649642757
754,0.5018176853086883,0.5254328274216555
755,0.5017880397354556,0.5256019973875594
756,0.5017643232768695,0.5257373333602825
757,0.5017453501100005,0.525845602138461
758,0.5017301715765053,0.5259322171610038
759,0.5017180287497093,0.526001509179038
760,0.5017083144882724,0.5260569427934654
761,0.5017005430791228,0.5261012896850072
762,0.5016943259518032,0.5261367671982408
763,0.5016893522499475,0.5261651492088276
764,0.501685373288463,0.526187854817297
765,0.5016821901192753,0.5262060193040726
766,0.5016796435839251,0.5262205508934931
767,0.5016776063556451,0.5262321761650294
768,0.501675976573021,0.5262414763822585
769,0.5016746727469217,0.5262489165560418
770,0.5016736296860422,0.5262548686950684
771,0.5016727952373387,0.5262596304062898
772,0.43034236228633094,0.7067580139010214
773,0.42965820382150083,0.708490921258342
774,0.4287322112662563,0.7108354322571255
775,0.42799141722206074,0.7127110410561524
776,0.4273987819867043,0.7142115280953738
777,0.4269246737984191,0.715411917726751
778,0.42654538724779095,0.7163722294318526
779,0.4262419580072884,0.717140478795934
780,0.42599921461488643,0.7177550782871991
781,0.4258050199009648,0.7182467578802112
782,0.4256496641298275,0.7186401015546209
783,0.4255253795129177,0.7189547764941486
784,0.4254259518193898,0.7192065164457708
785,0.4253464096645675,0.7194079084070686
786,0.5806356429675221,0.5597841699166919
787,0.5824125726604288,0.5604144402005554
788,0.5833175659179688,0.561745763708044
789,0.5876281515133673,0.5565116060993726
790,0.5878464024247941,0.5678650467159456
791,0.5892191654281096,0.5711610401381919
792,0.5911742552590451,0.5744571138643529
793,0.5933499994285005,0.5766323518471219
794,0.594063520734065,0.57702000893452
795,0.5955756925772904,0.582694904311684
796,0.5952010732281592,0.5856111795177235
797,0.6954540449705096,0.6067210776741316
798,0.7213993496702369,0.6121694396074716
799,0.7304419920995309,0.6139974531289667
800,0.7324792100752937,0.6144316126582992
801,0.7320945616181062,0.6144161193900523
802,0.7320216258696575,0.6144213150600337
803,0.7316948551996376,0.6143483464499538
804,0.7317998407532574,0.6145068443831603
805,0.7316160285424372,0.6144290832123175
806,0.7314127778323063,0.6145450862416648
807,0.7313679544546423,0.6145161964045257
808,0.7314058156674408,0.6144394929970598
809,0.7315454040594922,0.6145062625138906
810,0.7315534684180149,0.6145121051974911
811,0.7315599199048332,0.6145167793443715
812,0.7315650810942876,0.6145205186618758
813,0.7315692100458513,0.6145235101158794
814,0.7315725132071021,0.6145259032790821
815,0.7315751557361029,0.6145278178096443
816,0.7315772697593035,0.6145293494340941
817,0.7315789609778639,0.6145305747336539
818,0.7315803139527123,0.6145315549733018
819,0.731581396332591,0.61453233916502
820,0.7315822622364939,0.6145329665183946
821,0.7315829549596163,0.6145334684010944
822,0.7315835091381142,0.6145338699072541
823,0.7315839524809126,0.6145341911121819
824,0.7315843071551512,0.6145344480761241
825,0.7315845908945421,0.6145346536472779
826,0.7315848178860548,0.614534818104201
827,0.7315849994792649,0.6145349496697394
828,0.7315851447538331,0.6145350549221702
829,0.7315852609734876,0.6145351391241148
830,0.7315853539492112,0.6145352064856705
831,0.7315854283297901,0.614535260374915
832,0.7315854878342533,0.6145353034863107
833,0.7315855354378238,0.6145353379754271
834,0.7315855735206802,0.6145353655667204
835,0.7315856039869654,0.6145353876397549
836,0.7315856283599934,0.6145354052981825
837,0.7315856478584158,0.6145354194249246
838,0.7315856634571538,0.6145354307263183
839,0.7315856759361442,0.6145354397674333
840,0.7315856859193365,0.6145354470003253
841,0.7315856939058903,0.6145354527866388
842,0.7315857002951334,0.6145354574156896
843,0.7315857054065278,0.6145354611189303
844,0.7315857094956434,0.6145354640815228
845,0.7315857127669358,0.6145354664515968
846,0.7315857153839698,0.614535468347656
847,0.7315857174775969,0.6145354698645035
848,0.7315857191524987,0.6145354710779813
849,0.7315857204924201,0.6145354720487637
850,0.7315857215643572,0.6145354728253896
851,0.7315857224219069,0.6145354734466902
852,0.7315857231079467,0.6145354739437308
853,0.7315857236567784,0.6145354743413632
854,0.7315857240958439,0.6145354746594692
